use labeldb;

-- ===============================
-- 1. Table Plateforme
-- ===============================
INSERT INTO Plateforme (ID_Plateforme, Nom_Plateforme, Date_Mise_en_ligne) VALUES
(1,'Spotify','2008-10-07'),
(2,'Apple_music','2015-06-30'),
(3,'Deezer','2007-08-22'),
(4,'YouTube_Music','2015-11-12'),
(5,'Amazon_music','2007-09-25'),
(6,'Tidal','2014-03-30');

-- ===============================
-- 2. Table Personnel (60)
-- ===============================
INSERT INTO Personnel (ID_Personnel, Prénom_Personnel, Nom_Personnel, Fonction_Personnel, ID_Personnel_Manager) VALUES
(1,'Alice','Nguyen','Ingénieur du son',NULL),
(2,'Mohamed','Ben Ali','Producteur',1),
(3,'Sofia','Martinez','Assistant',2),
(4,'Lucas','Dupont','Technicien',1),
(5,'Emma','Schmidt','Directeur artistique',NULL),
(6,'Noah','Lemoine','Ingénieur du son',5),
(7,'Lina','Hassan','Assistant',6),
(8,'Ethan','Moreau','Technicien',6),
(9,'Chloe','Ng','Producteur',5),
(10,'Gabriel','Costa','Ingénieur du son',5),
(11,'Zoe','Ivanov','Assistant',10),
(12,'Leo','Martins','Technicien',10),
(13,'Mia','Khan','Producteur',5),
(14,'Raphael','Garcia','Ingénieur du son',5),
(15,'Julia','Rossi','Assistant',14),
(16,'Nathan','Morales','Technicien',14),
(17,'Léa','Dubois','Ingénieur du son',5),
(18,'Victor','Costa','Producteur',5),
(19,'Sarah','Wang','Assistant',18),
(20,'Julien','Fischer','Technicien',18),
(21,'Ines','Lacroix','Producteur',5),
(22,'Thomas','Nguyen','Ingénieur du son',5),
(23,'Camille','Ricci','Assistant',22),
(24,'Lucas','Moretti','Technicien',22),
(25,'Emma','Fernandez','Producteur',5),
(26,'Hugo','Lemoine','Ingénieur du son',5),
(27,'Lily','Martinez','Assistant',26),
(28,'Maxime','Dupuis','Technicien',26),
(29,'Sara','Costa','Producteur',5),
(30,'Matthieu','Rossi','Ingénieur du son',5),
(31,'Nina','Garcia','Assistant',30),
(32,'Alexandre','Nguyen','Technicien',30),
(33,'Clara','Hassan','Producteur',5),
(34,'Romain','Moreau','Ingénieur du son',5),
(35,'Eva','Martins','Assistant',34),
(36,'Louis','Dubois','Technicien',34),
(37,'Julie','Ng','Producteur',5),
(38,'Antoine','Morales','Ingénieur du son',5),
(39,'Manon','Ricci','Assistant',38),
(40,'Baptiste','Moretti','Technicien',38),
(41,'Emma','Fernandez','Producteur',5),
(42,'Lucas','Lemoine','Ingénieur du son',5),
(43,'Chloe','Martinez','Assistant',42),
(44,'Gabriel','Dupuis','Technicien',42),
(45,'Lea','Costa','Producteur',5),
(46,'Nathan','Rossi','Ingénieur du son',5),
(47,'Ines','Garcia','Assistant',46),
(48,'Hugo','Nguyen','Technicien',46),
(49,'Lily','Hassan','Producteur',5),
(50,'Maxime','Moreau','Ingénieur du son',5),
(51,'Sara','Martins','Assistant',50),
(52,'Matthieu','Dubois','Technicien',50),
(53,'Clara','Ng','Producteur',5),
(54,'Romain','Morales','Ingénieur du son',5),
(55,'Eva','Ricci','Assistant',54),
(56,'Louis','Moretti','Technicien',54),
(57,'Julie','Fernandez','Producteur',5),
(58,'Antoine','Lemoine','Ingénieur du son',5),
(59,'Manon','Martinez','Assistant',58),
(60,'Baptiste','Dupuis','Technicien',58);

-- ===============================
-- 3. Table Equipe (15 équipes)
-- ===============================
INSERT INTO Equipe (ID_Equipe) VALUES
(1),(2),(3),(4),(5),(6),(7),(8),(9),(10),(11),(12),(13),(14),(15),(16),(17),(18),(19),(20),(21),(22),(23),(24),(25),(26),(27),(28),(29),(30);


-- ===============================
-- 4. Table Adresse (12)
-- ===============================
INSERT INTO Adresse (ID_Addresse, Numéro_Rue, Nom_Rue, Appartement, Code_Postal) VALUES
(1,'12','Rue de la Paix','5A','75002'),
(2,'34','Avenue des Champs','2B','75008'),
(3,'56','Boulevard Saint-Germain','3C','75005'),
(4,'78','Rue de Rivoli','7D','75001'),
(5,'90','Rue du Faubourg','12E','75010'),
(6,'22','Avenue Victor Hugo','4F','75016'),
(7,'11','Rue de Lille','6G','75007'),
(8,'33','Boulevard Haussmann','8H','75009'),
(9,'44','Rue de Turenne','10I','75003'),
(10,'55','Rue Montmartre','14J','75002'),
(11,'66','Avenue de l''Opéra','1K','75001'),
(12,'77','Rue de la Boétie','2L','75008');

-- ===============================
-- 5. Table Studio (12)
-- ===============================
INSERT INTO Studio (ID_Studio, Nom_Studio, ID_Addresse) VALUES
(1,'Studio A',1),(2,'Studio B',2),(3,'Studio C',3),(4,'Studio D',4),
(5,'Studio E',5),(6,'Studio F',6),(7,'Studio G',7),(8,'Studio H',8),
(9,'Studio I',9),(10,'Studio J',10),(11,'Studio K',11),(12,'Studio L',12);

-- ===============================
-- 6. Table Groupe (7 groupes)
-- ===============================
INSERT INTO Groupe (ID_Groupe, Nom_Groupe) VALUES
(1,'Queen'),(2,'AC/DC'),(3,'The Beatles'),(4,'Metallica'),
(5,'Daft Punk'),(6,'Coldplay'),(7,'U2');

-- ===============================
-- 7. Table Artiste (29 artistes)
-- ===============================
INSERT INTO Artiste (ID_Artiste, Nom_Scene, Biographie, Nationalite, ID_Groupe) VALUES
(1,'Freddie Mercury','Chanteur principal de Queen','Britannique',1),
(2,'Brian May','Guitariste de Queen','Britannique',1),
(3,'Angus Young','Guitariste d''AC/DC','Australienne',2),
(4,'Malcolm Young','Guitariste rythmique d''AC/DC','Australienne',2),
(5,'John Lennon','Chanteur des Beatles','Britannique',3),
(6,'Paul McCartney','Bassiste des Beatles','Britannique',3),
(7,'James Hetfield','Chanteur de Metallica','Américaine',4),
(8,'Lars Ulrich','Batteur de Metallica','Danoise',4),
(9,'Guy-Manuel','Musicien de Daft Punk','Française',5),
(10,'Thomas Bangalter','Musicien de Daft Punk','Française',5),
(11,'Chris Martin','Chanteur de Coldplay','Britannique',6),
(12,'Jonny Buckland','Guitariste de Coldplay','Britannique',6),
(13,'Bono','Chanteur de U2','Irlandaise',7),
(14,'The Edge','Guitariste de U2','Irlandaise',7),
(15,'Taylor Swift','Chanteuse solo','Américaine',NULL),
(16,'Adele','Chanteuse solo','Britannique',NULL),
(17,'Billie Eilish','Chanteuse solo','Américaine',NULL),
(18,'Ed Sheeran','Chanteur solo','Britannique',NULL),
(19,'Lady Gaga','Chanteuse solo','Américaine',NULL),
(20,'Beyoncé','Chanteuse solo','Américaine',NULL),
(21,'Mick Jagger','Chanteur solo','Britannique',NULL),
(22,'Keith Richards','Guitariste solo','Britannique',NULL),
(23,'Ronnie Wood','Guitariste solo','Britannique',NULL),
(24,'Charlie Watts','Batteur solo','Britannique',NULL),
(25,'Paul Young','Chanteur solo','Britannique',NULL),
(26,'Shakira','Chanteuse solo','Colombienne',NULL),
(27,'Kendrick Lamar','Rappeur solo','Américaine',NULL),
(28,'Eminem','Rappeur solo','Américaine',NULL),
(29,'Ariana Grande','Chanteuse solo','Américaine',NULL);

-- ===============================
-- 8. Table Projet (40 projets)
-- ===============================
-- (Exemple simplifié, budget et dates réalistes)
INSERT INTO Projet (ID_Projet, Titre_Projet, Type_Projet, Genre_Musical, Budget_Production, Date_sortie_Prevue, Date_Sortie_Reelle) VALUES
(1,'Thriller','Album','Pop',1500000.00,'1982-11-30','1982-11-30'),
(2,'Back in Black','Album','Rock',1200000.00,'1980-07-25','1980-07-25'),
(3,'The Dark Side of the Moon','Album','Rock',1000000.00,'1973-03-01','1973-03-01'),
(4,'Abbey Road','Album','Rock',1300000.00,'1969-09-26','1969-09-26'),
(5,'21','Album','Soul',1800000.00,'2011-01-24','2011-01-24'),
(6,'Born to Die','Album','Pop',900000.00,'2012-01-27','2012-01-27'),
(7,'A Night at the Opera','Album','Rock',1100000.00,'1975-11-21','1975-11-21'),
(8,'Fearless','Album','Country',950000.00,'2008-11-11','2008-11-11'),
(9,'Divide','Album','Pop',1000000.00,'2017-03-03','2017-03-03'),
(10,'Reputation','Album','Pop',1200000.00,'2017-11-10','2017-11-10'),
(11,'25','Album','Pop',1400000.00,'2015-11-20','2015-11-20'),
(12,'Sour','Album','Pop',900000.00,'2021-05-21','2021-05-21'),
(13,'Hybrid Theory','Album','Rock',850000.00,'2000-10-24','2000-10-24'),
(14,'Parachutes','Album','Pop',750000.00,'2000-07-10','2000-07-10'),
(15,'Rumours','Album','Rock',950000.00,'1977-02-04','1977-02-04'),
(16,'Hotel California','Album','Rock',1000000.00,'1976-12-08','1976-12-08'),
(17,'Born This Way','Album','Pop',1100000.00,'2011-05-23','2011-05-23'),
(18,'Lemonade','Album','Pop',1200000.00,'2016-04-23','2016-04-23'),
(19,'Blurryface','Album','Alternative',950000.00,'2015-05-17','2015-05-17'),
(20,'Evermore','Album','Pop',900000.00,'2020-12-11','2020-12-11'),
(21,'Folklore','Album','Pop',900000.00,'2020-07-24','2020-07-24'),
(22,'After Hours','Album','Pop',950000.00,'2020-03-20','2020-03-20'),
(23,'1989','Album','Pop',1000000.00,'2014-10-27','2014-10-27'),
(24,'21st Century Breakdown','Album','Rock',900000.00,'2009-05-15','2009-05-15'),
(25,'Future Nostalgia','Album','Pop',850000.00,'2020-03-27','2020-03-27'),
(26,'Divide Deluxe','Album','Pop',900000.00,'2017-03-03','2017-03-03'),
(27,'The Wall','Album','Rock',1200000.00,'1979-11-30','1979-11-30'),
(28,'Born to Run','Album','Rock',950000.00,'1975-08-25','1975-08-25'),
(29,'In the Lonely Hour','Album','Pop',850000.00,'2014-05-26','2014-05-26'),
(30,'21 (Live)','Album','Soul',800000.00,'2012-05-01','2012-05-01'),
(31,'Blinding Lights EP','Single','Pop',150000.00,'2019-11-29','2019-11-29'),
(32,'Future Nostalgia Deluxe','Album','Pop',950000.00,'2020-03-27','2020-03-27'),
(33,'Paranoid Android','Single','Rock',200000.00,'1997-05-21','1997-05-21'),
(34,'Karma Police','Single','Rock',180000.00,'1997-05-25','1997-05-25'),
(35,'No Surprises','Single','Rock',150000.00,'1997-05-30','1997-05-30'),
(36,'Exit Music','Single','Rock',150000.00,'1997-06-01','1997-06-01'),
(37,'Rolling in the Deep','Single','Soul',250000.00,'2010-09-10','2010-09-10'),
(38,'Set Fire to the Rain','Single','Soul',200000.00,'2010-10-12','2010-10-12'),
(39,'Hello','Single','Soul',300000.00,'2014-10-23','2014-10-23'),
(40,'Send My Love','Single','Soul',180000.00,'2015-03-10','2015-03-10');

-- ===============================
-- 1. Table Contrat (27 contrats)
-- ===============================
INSERT INTO Contrat (ID_Contrat, Date_Debut_Contrat, Date_Fin_Contrat, Avance_Contrat, Pourcentage_Redevance) VALUES
(1,'2020-01-01','2022-12-31',50000.00,0.100),
(2,'2019-06-01','2022-05-31',40000.00,0.120),
(3,'2018-03-01','2021-02-28',30000.00,0.150),
(4,'2021-01-01','2023-12-31',60000.00,0.100),
(5,'2017-05-01','2020-04-30',35000.00,0.130),
(6,'2016-07-01','2019-06-30',45000.00,0.110),
(7,'2020-03-01','2022-02-28',50000.00,0.125),
(8,'2019-09-01','2021-08-31',40000.00,0.140),
(9,'2021-06-01','2023-05-31',55000.00,0.115),
(10,'2018-11-01','2021-10-31',32000.00,0.120),
(11,'2017-02-01','2020-01-31',30000.00,0.130),
(12,'2020-07-01','2022-06-30',48000.00,0.105),
(13,'2019-01-01','2021-12-31',40000.00,0.110),
(14,'2021-09-01','2023-08-31',52000.00,0.125),
(15,'2016-04-01','2019-03-31',35000.00,0.135),
(16,'2018-05-01','2021-04-30',37000.00,0.120),
(17,'2020-10-01','2022-09-30',50000.00,0.115),
(18,'2017-08-01','2020-07-31',33000.00,0.130),
(19,'2019-11-01','2021-10-31',42000.00,0.110),
(20,'2021-04-01','2023-03-31',54000.00,0.120),
(21,'2016-12-01','2019-11-30',36000.00,0.125),
(22,'2018-08-01','2021-07-31',38000.00,0.130),
(23,'2020-02-01','2022-01-31',49000.00,0.110),
(24,'2017-10-01','2020-09-30',34000.00,0.115),
(25,'2019-03-01','2022-02-28',41000.00,0.120),
(26,'2021-12-01','2023-11-30',56000.00,0.105),
(27,'2016-06-01','2019-05-31',35000.00,0.130);

-- ===============================
-- 2. Table Récompense (21 récompenses)
-- ===============================
INSERT INTO Récompense (ID_Recompense, Nom_Recompense, Annee_Recompense, ID_Projet) VALUES
(1,'Grammy Award','1983',1),
(2,'Billboard Music Award','1980',2),
(3,'Brit Award','1974',3),
(4,'Grammy Award','1970',4),
(5,'Grammy Award','2012',5),
(6,'American Music Award','2013',6),
(7,'Grammy Award','1976',7),
(8,'Country Music Award','2009',8),
(9,'Grammy Award','2018',9),
(10,'American Music Award','2017',10),
(11,'Grammy Award','2016',11),
(12,'MTV Music Award','2021',12),
(13,'Grammy Award','2001',13),
(14,'Brit Award','2001',14),
(15,'Grammy Award','1978',15),
(16,'Grammy Award','1977',16),
(17,'Grammy Award','2011',17),
(18,'Grammy Award','2017',18),
(19,'MTV Music Award','2015',19),
(20,'Grammy Award','2020',20),
(21,'Grammy Award','2020',21);

-- ===============================
-- Table Enregistrement (150 lignes)
-- ===============================
INSERT INTO Enregistrement (ID_Enregistrement, Titre_Enregistrement, Genre_Musical, Duree_Enregistrement, Date_Enregistrement, ID_Studio) VALUES
(1,'Bohemian Rhapsody','Rock',354,'1975-08-24',1),
(2,'Another One Bites the Dust','Rock',215,'1980-08-22',1),
(3,'Back in Black','Rock',255,'1980-05-25',2),
(4,'Shoot to Thrill','Rock',320,'1980-07-15',2),
(5,'Hey Jude','Rock',431,'1968-07-04',3),
(6,'Let It Be','Rock',243,'1970-03-06',3),
(7,'Enter Sandman','Metal',331,'1991-08-29',4),
(8,'Nothing Else Matters','Metal',388,'1991-04-12',4),
(9,'Around the World','Electro',420,'1997-03-17',5),
(10,'One More Time','Electro',320,'2000-11-13',5),
(11,'Yellow','Pop',268,'2000-03-01',6),
(12,'Clocks','Pop',307,'2002-03-24',6),
(13,'With or Without You','Rock',296,'1987-03-21',7),
(14,'I Still Haven''t Found','Rock',276,'1987-05-01',7),
(15,'Love Story','Country',235,'2008-09-12',8),
(16,'You Belong with Me','Country',230,'2009-03-18',8),
(17,'Shape of You','Pop',263,'2016-01-06',9),
(18,'Perfect','Pop',263,'2017-03-03',9),
(19,'Look What You Made Me Do','Pop',211,'2017-08-25',10),
(20,'...Ready for It?','Pop',208,'2017-08-01',10),
(21,'Blank Space','Pop',231,'2014-11-10',11),
(22,'Shake It Off','Pop',219,'2014-08-18',11),
(23,'Rolling in the Deep','Soul',228,'2010-09-29',12),
(24,'Set Fire to the Rain','Soul',242,'2011-02-04',12),
(25,'Hello','Soul',295,'2014-10-23',12),
(26,'Send My Love','Soul',223,'2015-03-10',12),
(27,'Numb','Rock',187,'2003-03-25',4),
(28,'In the End','Rock',216,'2001-10-24',4),
(29,'Viva La Vida','Pop',242,'2008-06-12',6),
(30,'Clocks (Live)','Pop',305,'2003-04-12',6),
(31,'Paranoid','Metal',175,'1970-09-21',4),
(32,'Master of Puppets','Metal',332,'1986-03-03',4),
(33,'Around the World (Live)','Electro',430,'2001-06-12',5),
(34,'One More Time (Live)','Electro',325,'2001-09-12',5),
(35,'The Scientist','Pop',309,'2002-08-01',6),
(36,'Fix You','Pop',303,'2005-09-23',6),
(37,'With or Without You (Live)','Rock',298,'1989-11-12',7),
(38,'I Still Haven''t Found (Live)','Rock',280,'1989-09-01',7),
(39,'Love Story (Acoustic)','Country',240,'2009-03-01',8),
(40,'You Belong with Me (Live)','Country',235,'2010-01-12',8),
(41,'Back in Black (Live)','Rock',260,'1981-01-01',2),
(42,'Thunderstruck','Rock',292,'1990-09-10',2),
(43,'Hey Jude (Live)','Rock',435,'1969-01-01',3),
(44,'Let It Be (Acoustic)','Rock',245,'1971-02-12',3),
(45,'Enter Sandman (Live)','Metal',335,'1992-03-12',4),
(46,'Nothing Else Matters (Acoustic)','Metal',390,'1992-06-15',4),
(47,'Digital Love','Electro',305,'2001-05-10',5),
(48,'Harder Better Faster Stronger','Electro',310,'2001-07-12',5),
(49,'Yellow (Live)','Pop',270,'2002-01-12',6),
(50,'Clocks (Acoustic)','Pop',310,'2003-05-10',6),
(51,'Viva La Vida (Live)','Pop',245,'2009-07-01',6),
(52,'Rolling in the Deep (Live)','Soul',230,'2011-02-12',12),
(53,'Set Fire to the Rain (Live)','Soul',248,'2012-03-15',12),
(54,'Hello (Live)','Soul',300,'2015-05-20',12),
(55,'Send My Love (Live)','Soul',225,'2016-06-18',12),
(56,'Shape of You (Acoustic)','Pop',265,'2017-01-15',9),
(57,'Perfect (Live)','Pop',268,'2017-03-25',9),
(58,'Look What You Made Me Do (Live)','Pop',212,'2017-09-01',10),
(59,'...Ready for It? (Live)','Pop',210,'2017-09-12',10),
(60,'Blank Space (Live)','Pop',233,'2015-01-12',11),
(61,'Shake It Off (Live)','Pop',220,'2015-02-15',11),
(62,'Bohemian Rhapsody (Live)','Rock',360,'1976-02-01',1),
(63,'Another One Bites the Dust (Live)','Rock',218,'1981-03-12',1),
(64,'Back in Black (Acoustic)','Rock',258,'1981-04-01',2),
(65,'Shoot to Thrill (Live)','Rock',322,'1981-05-12',2),
(66,'Hey Jude (Acoustic)','Rock',432,'1971-03-15',3),
(67,'Let It Be (Live)','Rock',245,'1972-01-01',3),
(68,'Enter Sandman (Acoustic)','Metal',335,'1993-01-12',4),
(69,'Nothing Else Matters (Live)','Metal',392,'1993-03-10',4),
(70,'Around the World (Acoustic)','Electro',425,'2002-01-12',5),
(71,'One More Time (Acoustic)','Electro',322,'2002-02-10',5),
(72,'Yellow (Acoustic)','Pop',270,'2003-01-12',6),
(73,'Clocks (Studio)','Pop',308,'2003-03-10',6),
(74,'With or Without You (Acoustic)','Rock',300,'1988-01-12',7),
(75,'I Still Haven''t Found (Acoustic)','Rock',278,'1988-03-15',7),
(76,'Love Story (Live)','Country',238,'2009-06-01',8),
(77,'You Belong with Me (Acoustic)','Country',232,'2010-02-01',8),
(78,'Shape of You (Live)','Pop',265,'2017-02-01',9),
(79,'Perfect (Acoustic)','Pop',267,'2017-03-01',9),
(80,'Look What You Made Me Do (Acoustic)','Pop',215,'2017-08-01',10),
(81,'...Ready for It? (Acoustic)','Pop',210,'2017-08-15',10),
(82,'Blank Space (Acoustic)','Pop',234,'2014-12-01',11),
(83,'Shake It Off (Acoustic)','Pop',221,'2014-11-15',11),
(84,'Back in Black (Studio)','Rock',260,'1980-12-01',2),
(85,'Thunderstruck (Live)','Rock',295,'1991-01-10',2),
(86,'Hey Jude (Studio)','Rock',430,'1968-12-01',3),
(87,'Let It Be (Studio)','Rock',244,'1970-01-01',3),
(88,'Enter Sandman (Studio)','Metal',332,'1991-06-01',4),
(89,'Nothing Else Matters (Studio)','Metal',386,'1991-08-01',4),
(90,'Around the World (Studio)','Electro',428,'1997-04-01',5),
(91,'One More Time (Studio)','Electro',323,'2000-12-01',5),
(92,'Yellow (Studio)','Pop',269,'2001-01-01',6),
(93,'Clocks (Studio 2)','Pop',309,'2002-04-01',6),
(94,'With or Without You (Studio)','Rock',297,'1987-06-01',7),
(95,'I Still Haven''t Found (Studio)','Rock',279,'1987-07-01',7),
(96,'Love Story (Studio)','Country',236,'2008-10-01',8),
(97,'You Belong with Me (Studio)','Country',231,'2009-04-01',8),
(98,'Shape of You (Studio)','Pop',264,'2016-02-01',9),
(99,'Perfect (Studio)','Pop',262,'2017-04-01',9),
(100,'Look What You Made Me Do (Studio)','Pop',213,'2017-09-05',10),
(101,'...Ready for It? (Studio)','Pop',209,'2017-09-20',10),
(102,'Blank Space (Studio)','Pop',232,'2015-03-01',11),
(103,'Shake It Off (Studio)','Pop',218,'2015-04-01',11),
(104,'Bohemian Rhapsody (Acoustic)','Rock',355,'1975-09-01',1),
(105,'Another One Bites the Dust (Acoustic)','Rock',216,'1980-09-01',1),
(106,'Back in Black (Live)','Rock',257,'1980-06-01',2),
(107,'Shoot to Thrill (Acoustic)','Rock',321,'1980-08-01',2),
(108,'Hey Jude (Remastered)','Rock',430,'1969-01-01',3),
(109,'Let It Be (Remastered)','Rock',244,'1970-05-01',3),
(110,'Enter Sandman (Remastered)','Metal',330,'1991-09-01',4),
(111,'Nothing Else Matters (Remastered)','Metal',387,'1991-10-01',4),
(112,'Around the World (Remastered)','Electro',425,'1997-05-01',5),
(113,'One More Time (Remastered)','Electro',321,'2000-12-15',5),
(114,'Yellow (Remastered)','Pop',268,'2001-02-01',6),
(115,'Clocks (Remastered)','Pop',306,'2002-05-01',6),
(116,'With or Without You (Remastered)','Rock',296,'1987-08-01',7),
(117,'I Still Haven''t Found (Remastered)','Rock',278,'1987-09-01',7),
(118,'Love Story (Remastered)','Country',237,'2008-11-01',8),
(119,'You Belong with Me (Remastered)','Country',230,'2009-05-01',8),
(120,'Shape of You (Remastered)','Pop',265,'2016-03-01',9),
(121,'Perfect (Remastered)','Pop',263,'2017-05-01',9),
(122,'Look What You Made Me Do (Remastered)','Pop',212,'2017-09-10',10),
(123,'...Ready for It? (Remastered)','Pop',208,'2017-09-25',10),
(124,'Blank Space (Remastered)','Pop',231,'2015-05-01',11),
(125,'Shake It Off (Remastered)','Pop',220,'2015-06-01',11),
(126,'Back in Black (Remastered)','Rock',256,'1980-07-01',2),
(127,'Thunderstruck (Studio)','Rock',293,'1990-10-01',2),
(128,'Hey Jude (Remix)','Rock',432,'1969-02-01',3),
(129,'Let It Be (Remix)','Rock',242,'1970-06-01',3),
(130,'Enter Sandman (Remix)','Metal',333,'1992-01-01',4),
(131,'Nothing Else Matters (Remix)','Metal',389,'1992-02-01',4),
(132,'Around the World (Remix)','Electro',427,'1998-01-01',5),
(133,'One More Time (Remix)','Electro',324,'2000-01-01',5),
(134,'Yellow (Remix)','Pop',271,'2001-03-01',6),
(135,'Clocks (Remix)','Pop',310,'2002-06-01',6),
(136,'With or Without You (Remix)','Rock',299,'1988-01-01',7),
(137,'I Still Haven''t Found (Remix)','Rock',281,'1988-02-01',7),
(138,'Love Story (Remix)','Country',239,'2008-12-01',8),
(139,'You Belong with Me (Remix)','Country',234,'2009-06-01',8),
(140,'Shape of You (Remix)','Pop',266,'2016-04-01',9),
(141,'Perfect (Remix Live)','Pop',264,'2017-06-01',9),
(142,'Look What You Made Me Do (Remix Live)','Pop',213,'2017-09-15',10),
(143,'...Ready for It? (Remix Live)','Pop',210,'2017-10-01',10),
(144,'Blank Space (Remix Live)','Pop',233,'2015-07-01',11),
(145,'Shake It Off (Remix Live)','Pop',222,'2015-08-01',11),
(146,'Bohemian Rhapsody (Remix)','Rock',356,'1976-03-01',1),
(147,'Another One Bites the Dust (Remix)','Rock',217,'1981-04-01',1),
(148,'Back in Black (Remix Live)','Rock',259,'1981-05-01',2),
(149,'Shoot to Thrill (Remix)','Rock',323,'1981-06-01',2),
(150,'Final Track','Pop',240,'2023-01-01',12);

-- ===============================
-- Table Contact (80 lignes)
-- ===============================
INSERT INTO Contact (ID_Artiste, ID_Contact, Type_Contact, Coordonnees_Contact) VALUES
(1,1,'Email','freddiemercury@queen.com'),
(1,2,'Téléphone','+44 20 7946 0011'),
(1,3,'Réseau Social','@freddiemercury'),
(2,4,'Email','brianmay@queen.com'),
(2,5,'Téléphone','+44 20 7946 0012'),
(2,6,'Réseau Social','@brianmay'),
(3,7,'Email','angusyoung@acdc.com'),
(3,8,'Téléphone','+61 2 9876 5432'),
(3,9,'Réseau Social','@angusyoung'),
(4,10,'Email','bonscott@acdc.com'),
(4,11,'Téléphone','+61 2 9876 5433'),
(4,12,'Réseau Social','@bonscott'),
(5,13,'Email','davidbowie@music.com'),
(5,14,'Téléphone','+44 20 7946 0020'),
(5,15,'Réseau Social','@davidbowie'),
(6,16,'Email','mickjagger@rollingstones.com'),
(6,17,'Téléphone','+44 20 7946 0030'),
(6,18,'Réseau Social','@mickjagger'),
(7,19,'Email','keithrichards@rollingstones.com'),
(7,20,'Téléphone','+44 20 7946 0031'),
(7,21,'Réseau Social','@keithrichards'),
(8,22,'Email','adele@music.com'),
(8,23,'Téléphone','+44 20 7946 0040'),
(8,24,'Réseau Social','@adele'),
(9,25,'Email','ed_sheeran@music.com'),
(9,26,'Téléphone','+44 20 7946 0050'),
(9,27,'Réseau Social','@edsheeran'),
(10,28,'Email','taylorswift@music.com'),
(10,29,'Téléphone','+1 310 555 1234'),
(10,30,'Réseau Social','@taylorswift'),
(11,31,'Email','coldplay@music.com'),
(11,32,'Téléphone','+44 20 7946 0060'),
(11,33,'Réseau Social','@coldplay'),
(12,34,'Email','metallica@music.com'),
(12,35,'Téléphone','+1 310 555 2345'),
(12,36,'Réseau Social','@metallica'),
(13,37,'Email','daftpunk@music.com'),
(13,38,'Téléphone','+33 1 2345 6789'),
(13,39,'Réseau Social','@daftpunk'),
(14,40,'Email','rihanna@music.com'),
(14,41,'Téléphone','+1 310 555 3456'),
(14,42,'Réseau Social','@rihanna'),
(15,43,'Email','justinbieber@music.com'),
(15,44,'Téléphone','+1 310 555 4567'),
(15,45,'Réseau Social','@justinbieber'),
(16,46,'Email','brunomars@music.com'),
(16,47,'Téléphone','+1 310 555 5678'),
(16,48,'Réseau Social','@brunomars'),
(17,49,'Email','ladygaga@music.com'),
(17,50,'Téléphone','+1 310 555 6789'),
(17,51,'Réseau Social','@ladygaga'),
(18,52,'Email','eminem@music.com'),
(18,53,'Téléphone','+1 310 555 7890'),
(18,54,'Réseau Social','@eminem'),
(19,55,'Email','beyonce@music.com'),
(19,56,'Téléphone','+1 310 555 8901'),
(19,57,'Réseau Social','@beyonce'),
(20,58,'Email','bruce_springsteen@music.com'),
(20,59,'Téléphone','+1 310 555 9012'),
(20,60,'Réseau Social','@springsteen'),
(21,61,'Email','queen_member@music.com'),
(21,62,'Téléphone','+44 20 7946 0070'),
(21,63,'Réseau Social','@queenband'),
(22,64,'Email','acdc_member@music.com'),
(22,65,'Téléphone','+61 2 9876 5440'),
(22,66,'Réseau Social','@acdcband'),
(23,67,'Email','coldplay_member@music.com'),
(23,68,'Téléphone','+44 20 7946 0080'),
(23,69,'Réseau Social','@coldplayband'),
(24,70,'Email','metallica_member@music.com'),
(24,71,'Téléphone','+1 310 555 1122'),
(24,72,'Réseau Social','@metallicaband'),
(25,73,'Email','daftpunk_member@music.com'),
(25,74,'Téléphone','+33 1 2345 6790'),
(25,75,'Réseau Social','@daftpunkband'),
(26,76,'Email','adele_member@music.com'),
(26,77,'Téléphone','+44 20 7946 0090'),
(26,78,'Réseau Social','@adeleband'),
(27,79,'Email','ed_sheeran_member@music.com'),
(27,80,'Téléphone','+44 20 7946 0100');

-- ===============================
-- Relations : travaille_dans (Personnel - Equipe)
-- ===============================
INSERT INTO travaille_dans (ID_Personnel, ID_Equipe) VALUES
(1,1),(2,1),(3,2),(4,2),(5,3),(6,3),(7,4),(8,4),(9,5),(10,5),
(11,6),(12,6),(13,7),(14,7),(15,8),(16,8),(17,9),(18,9),(19,10),(20,10),
(21,11),(22,11),(23,12),(24,12),(25,13),(26,13),(27,14),(28,14),(29,15),(30,15),
(31,16),(32,16),(33,17),(34,17),(35,18),(36,18),(37,19),(38,19),(39,20),(40,20),
(41,21),(42,21),(43,22),(44,22),(45,23),(46,23),(47,24),(48,24),(49,25),(50,25),
(51,26),(52,26),(53,27),(54,27),(55,28),(56,28),(57,29),(58,29),(59,30),(60,30);

-- ===============================
-- Relations : signe (Artiste - Contrat)
-- ===============================
INSERT INTO signe (ID_Artiste, ID_Contrat) VALUES
(1,1),(2,2),(3,3),(4,4),(5,5),(6,6),(7,7),(8,8),(9,9),(10,10),
(11,11),(12,12),(13,13),(14,14),(15,15),(16,16),(17,17),(18,18),(19,19),(20,20),
(21,21),(22,22),(23,23),(24,24),(25,25),(26,26),(27,27);

-- ===============================
-- Relations : est_publié_sur (Plateforme - Projet)
-- ===============================
INSERT INTO est_publie_sur (ID_Plateforme, ID_Projet, Nombre_Streams) VALUES
(1,1,1200000),(1,2,950000),(1,3,800000),(2,4,1100000),(2,8,900000),
(2,6,850000),(3,7,1000000),(3,8,700000),(3,9,600000),(4,10,950000),
(4,11,850000),(4,12,800000),(5,13,750000),(5,14,900000),(5,15,850000),
(6,16,800000),(6,17,950000),(6,18,700000),(1,19,650000),(2,20,600000),
(3,21,550000),(4,1,500000),(5,2,450000),(6,3,400000),(1,4,350000),
(2,5,300000),(3,6,250000),(4,7,200000),(5,8,150000),(6,9,100000);

-- ===============================
-- Relations : travaillent_sur (Artiste - Projet - Equipe)
-- ===============================
INSERT INTO travaillent_sur (ID_Artiste, ID_Projet, ID_Equipe) VALUES
(1,1,1),(2,2,1),(3,3,2),(4,4,2),(5,5,3),(6,6,3),(7,7,4),(8,8,4),(9,9,5),(10,10,5),
(11,11,6),(12,12,6),(13,13,7),(14,14,7),(15,15,8),(16,16,8),(17,17,9),(18,18,9),(19,19,10),(20,20,10),
(21,21,11),(22,22,11),(23,23,12),(24,24,12),(25,25,13),(26,26,13),(27,27,14);

-- ===============================
-- Relations : est_composé_de (Projet - Enregistrement)
-- ===============================
INSERT INTO est_compose_de (ID_Projet, ID_Enregistrement) VALUES
(1,1),(1,2),(2,3),(2,4),(3,5),(3,6),(4,7),(4,8),(5,9),(5,10),
(6,11),(6,12),(7,13),(7,14),(8,15),(8,16),(9,17),(9,18),(10,19),(10,20),
(11,21),(11,22),(12,23),(12,24),(12,25),(12,26),(4,27),(4,28),(6,29),(6,30),
(4,31),(4,32),(5,33),(5,34),(6,35),(6,36),(7,37),(7,38),(8,39),(8,40),
(2,41),(2,42),(3,43),(3,44),(4,45),(4,46),(5,47),(5,48),(6,49),(6,50),
(6,51),(12,52),(12,53),(12,54),(12,55),(9,56),(9,57),(10,58),(10,59),
(11,60),(11,61),(1,62),(1,63);
